"Timestamp";"CO2.ppm.";"airtemp.in.degreeC.";"humidity.in.rH.";"pressure.in.mbar.";"airtemp.out.degreeC.";"humidity.out.rH.";"pressure.out.mbar.";"PAR.umol.m.2s.1.";"H2O.temp.degreeC."
"07.03.23 11:26:53.890411";373.753946;24.630638;98.767298;1012.2196;23.7188;98.33544;1010.25106;55.970012;23.272126
"07.03.23 11:26:54.340570";373.631874;24.639793;98.76272;1012.19671;23.705983;98.341544;1010.15187;56.092084;23.266018
"07.03.23 11:26:54.790728";374.211716;24.621483;98.767298;1012.10515;23.716969;98.329336;1010.12898;55.786904;23.272126
"07.03.23 11:26:55.240888";374.059126;24.639793;98.837494;1012.26538;23.709645;98.333914;1010.1595;56.031048;23.492014
"07.03.23 11:26:55.691043";373.723428;24.647117;98.83902;1012.12041;23.707814;98.340018;1010.20528;56.031048;23.490487
"07.03.23 11:26:56.141198";373.99809;24.639793;98.840546;1012.26538;23.705983;98.338492;1010.14424;55.54276;23.490487
"07.03.23 11:26:56.591360";374.120162;24.639793;98.828338;1012.19671;23.711476;98.344596;1010.17476;55.970012;23.479798
"07.03.23 11:26:57.41513";373.784464;24.6343;98.83902;1012.11278;23.722462;98.332388;1010.0832;55.725868;23.71801
"07.03.23 11:26:57.491677";373.69291;24.648948;98.83902;1012.2959;23.716969;98.340018;1010.16713;55.84794;23.77909
"07.03.23 11:26:57.941837";374.211716;24.641624;98.842072;1012.10515;23.724293;98.336966;1010.10609;55.908976;23.77909
"07.03.23 11:26:58.391986";373.99809;24.654441;98.851228;1012.21197;23.738941;98.347648;1010.22817;55.970012;23.791306
"07.03.23 11:26:58.842148";373.814982;24.650779;98.84665;1012.30353;23.726124;98.349174;1010.19002;56.275192;23.782144
"07.03.23 11:26:59.292303";374.333788;24.645286;98.849702;1012.09752;23.735279;98.34307;1010.2358;56.15312;23.791306
"07.03.23 11:26:59.742464";374.364306;24.658103;98.919898;1012.27301;23.738941;98.3507;1010.2358;56.275192;23.817265
"07.03.23 11:27:00.192618";373.967572;24.654441;98.921424;1012.30353;23.738941;98.349174;1010.10609;56.336228;23.934844
"07.03.23 11:27:00.642779";374.089644;24.654441;98.92295;1012.16619;23.649222;98.341544;1010.15187;55.970012;23.936371
"07.03.23 11:27:01.92934";374.242234;24.650779;98.916846;1012.31879;23.640067;98.349174;1010.15187;56.336228;23.927209
"07.03.23 11:27:01.543094";374.028608;24.645286;98.926002;1012.21197;23.651053;98.338492;1010.21291;56.15312;23.934844
"07.03.23 11:27:01.993253";373.906536;24.65261;98.924476;1012.20434;23.649222;98.34307;1010.17476;56.336228;24.154732
"07.03.23 11:27:02.443411";374.425342;24.65261;98.924476;1012.28827;23.647391;98.347648;1010.1595;56.214156;24.148624
"07.03.23 11:27:02.893569";374.272752;24.650779;98.926002;1012.2959;23.641898;98.34307;1010.14424;56.031048;24.154732
"07.03.23 11:27:03.343728";373.753946;24.650779;98.91532;1012.27301;23.636405;98.344596;1010.13661;56.214156;24.14557
"07.03.23 11:27:03.793884";374.333788;24.65261;98.926002;1012.08989;23.651053;98.341544;1010.19765;56.15312;24.156259
"07.03.23 11:27:04.244041";374.425342;24.747822;99.145746;1012.3722;23.64556;98.344596;1010.20528;56.15312;24.377674
"07.03.23 11:27:04.694196";373.937054;24.751484;99.145746;1012.28827;23.640067;98.34307;1010.14424;56.214156;24.373093
"07.03.23 11:27:05.144356";373.99809;24.735005;99.14422;1012.23486;23.651053;98.341544;1010.15187;55.84794;24.376147
"07.03.23 11:27:05.594516";374.272752;24.753315;99.12896;1012.15093;23.632743;98.353752;1010.10609;56.092084;24.366985
"07.03.23 11:27:06.44672";374.120162;24.736836;99.139642;1012.27301;23.64556;98.344596;1010.1595;57.06866;24.379201
"07.03.23 11:27:06.494835";373.937054;24.735005;99.145746;1012.28064;23.64556;98.3507;1010.19765;57.06866;24.524266
"07.03.23 11:27:06.944987";374.333788;24.751484;99.142694;1012.28064;23.634574;98.346122;1010.1595;57.129696;24.515104
"07.03.23 11:27:07.395146";374.394824;24.745991;99.147272;1012.24249;23.640067;98.344596;1010.21291;56.580372;24.522739
"07.03.23 11:27:07.845301";373.753946;24.736836;99.138116;1012.2959;23.629081;98.349174;1010.22817;57.129696;24.515104
"07.03.23 11:27:08.295461";374.15068;24.74416;99.14422;1012.24249;23.651053;98.346122;1010.17476;57.06866;24.519685
"07.03.23 11:27:08.745619";374.45586;24.821062;99.145746;1012.15856;23.649222;98.346122;1010.17476;56.946588;24.890746
"07.03.23 11:27:09.195775";374.028608;24.830217;99.14422;1012.25775;23.643729;98.349174;1010.1595;56.885552;24.883111
"07.03.23 11:27:09.645936";373.937054;24.813738;99.145746;1012.23486;23.641898;98.338492;1010.16713;56.4583;24.887692
"07.03.23 11:27:10.96091";374.211716;24.833879;99.13659;1012.30353;23.640067;98.347648;1010.18239;56.824516;24.886165
"07.03.23 11:27:10.546251";374.242234;24.824724;99.145746;1012.2196;23.643729;98.34307;1010.22817;56.824516;24.887692
"07.03.23 11:27:10.996409";375.005184;24.828386;99.142694;1012.28064;23.649222;98.353752;1010.17476;56.76348;24.890746
"07.03.23 11:27:11.446565";375.340882;24.826555;99.14422;1012.20434;23.640067;98.349174;1010.12135;56.702444;25.023595
"07.03.23 11:27:11.896727";375.493472;24.815569;99.141168;1012.17382;23.641898;98.338492;1010.25106;56.336228;25.034284
"07.03.23 11:27:12.346882";374.822076;24.828386;99.135064;1012.16619;23.640067;98.349174;1010.22054;56.76348;25.03123
"07.03.23 11:27:12.797040";375.127256;24.832048;99.147272;1012.31116;23.647391;98.347648;1010.19002;56.76348;25.035811
"07.03.23 11:27:13.247200";375.493472;24.918105;99.217468;1012.18908;23.640067;98.3507;1010.21291;56.641408;25.035811
"07.03.23 11:27:13.697356";374.944148;24.912612;99.21289;1012.2196;23.641898;98.349174;1010.18239;56.702444;25.24501
"07.03.23 11:27:14.147511";374.974666;24.903457;99.214416;1012.07463;23.738941;98.34307;1010.11372;56.336228;25.251118
"07.03.23 11:27:14.597673";375.310364;24.918105;99.21289;1012.33405;23.727955;98.3507;1010.17476;56.824516;25.248064
"07.03.23 11:27:15.47842";375.401918;24.910781;99.225098;1012.16619;23.740772;98.347648;1010.18239;56.76348;25.249591
"07.03.23 11:27:15.497992";375.005184;24.918105;99.22052;1012.2959;23.731617;98.344596;1010.19002;56.641408;25.251118
"07.03.23 11:27:15.948143";375.249328;24.910781;99.214416;1012.45613;23.715138;98.34307;1010.12898;56.76348;25.237375
"07.03.23 11:27:16.398307";375.310364;24.89064;99.217468;1011.92203;23.727955;98.341544;1010.22054;56.275192;25.249591
"07.03.23 11:27:16.848459";374.883112;24.912612;99.215942;1012.31879;23.722462;98.347648;1010.18239;56.702444;25.249591
"07.03.23 11:27:17.298618";375.035702;24.918105;99.22052;1012.30353;23.733448;98.3507;1010.18239;56.641408;25.255699
"07.03.23 11:27:17.748775";375.462954;24.993176;99.292242;1012.15856;23.727955;98.3507;1010.25106;56.4583;25.255699
"07.03.23 11:27:18.198935";375.188292;25.004162;99.286138;1012.28064;23.720631;98.347648;1010.12898;56.702444;25.463371
"07.03.23 11:27:18.649093";375.005184;24.991345;99.290716;1012.18145;23.729786;98.338492;1010.2358;56.397264;25.472533
"07.03.23 11:27:19.99247";375.310364;25.005993;99.28919;1012.18908;23.731617;98.349174;1010.18239;56.641408;25.471006
"07.03.23 11:27:19.549409";375.493472;24.998669;99.292242;1012.26538;23.727955;98.346122;1010.14424;56.702444;25.469479
"07.03.23 11:27:19.999566";375.005184;25.007824;99.293768;1012.07463;23.727955;98.34307;1010.16713;56.519336;25.471006
"07.03.23 11:27:20.449725";374.486378;25.007824;99.284612;1012.28827;23.716969;98.349174;1010.12135;56.76348;25.533613
"07.03.23 11:27:20.899881";374.45586;24.991345;99.29682;1012.26538;23.733448;98.338492;1010.17476;56.519336;25.542775
"07.03.23 11:27:21.350037";373.99809;25.011486;99.293768;1012.25775;23.726124;98.346122;1010.16713;56.4583;25.544302
"07.03.23 11:27:21.800196";373.937054;25.004162;99.29682;1012.19671;23.724293;98.346122;1010.19002;56.519336;25.544302
"07.03.23 11:27:22.250352";374.364306;25.0005;99.298346;1012.22723;23.727955;98.346122;1010.17476;56.214156;25.542775
"07.03.23 11:27:22.700509";374.059126;25.011486;99.287664;1012.28064;23.722462;98.353752;1010.12898;56.397264;25.608436
"07.03.23 11:27:23.150670";373.967572;25.0005;99.301398;1012.25775;23.731617;98.341544;1010.24343;56.275192;25.614544
"07.03.23 11:27:23.600847";374.272752;25.004162;99.290716;1012.33405;23.729786;98.353752;1010.19765;56.336228;25.617598
"07.03.23 11:27:24.50984";374.425342;25.004162;99.29682;1012.31116;23.726124;98.35833;1010.13661;56.4583;25.616071
"07.03.23 11:27:24.501152";373.967572;25.002331;99.295294;1012.24249;23.727955;98.344596;1010.13661;56.214156;25.616071
"07.03.23 11:27:24.951299";373.8455;25.007824;99.28919;1012.34168;23.722462;98.352226;1010.09083;56.702444;25.751974
"07.03.23 11:27:25.401459";374.45586;25.002331;99.293768;1012.26538;23.731617;98.352226;1010.25106;56.580372;25.762663
"07.03.23 11:27:25.851615";374.059126;25.002331;99.290716;1012.23486;23.735279;98.3507;1010.15187;56.336228;25.756555
"07.03.23 11:27:26.301772";373.662392;25.009655;99.28919;1012.23486;23.738941;98.3507;1010.0832;56.397264;25.762663
"07.03.23 11:27:26.751932";373.38773;25.082895;99.438738;1012.20434;23.73711;98.340018;1010.25106;56.214156;25.835959
"07.03.23 11:27:27.202091";373.174104;25.099374;99.431108;1012.31116;23.720631;98.349174;1010.24343;56.4583;25.828324
"07.03.23 11:27:27.652247";372.960478;25.086557;99.432634;1012.19671;23.731617;98.347648;1010.1595;56.336228;25.835959
"07.03.23 11:27:28.102404";373.143586;25.093881;99.437212;1012.12804;23.729786;98.353752;1010.14424;56.519336;25.834432
"07.03.23 11:27:28.552564";372.47219;25.086557;99.43416;1012.28827;23.727955;98.346122;1010.12898;56.4583;25.829851
"07.03.23 11:27:29.2723";372.01442;25.077402;99.435686;1012.11278;23.722462;98.34307;1010.12898;56.15312;25.909255
"07.03.23 11:27:29.452879";371.770276;25.095712;99.429582;1012.33405;23.720631;98.352226;1010.19002;56.580372;25.903147
"07.03.23 11:27:29.903034";372.350118;25.081064;99.438738;1012.33405;23.731617;98.3507;1010.13661;56.519336;25.904674
"07.03.23 11:27:30.353196";372.228046;25.09205;99.438738;1012.19671;23.727955;98.356804;1010.09083;56.397264;25.904674
"07.03.23 11:27:30.803350";371.892348;25.093881;99.437212;1012.21197;23.735279;98.352226;1010.12898;56.580372;25.903147
"07.03.23 11:27:31.253508";372.350118;25.170783;99.44179;1012.25012;23.727955;98.341544;1010.21291;56.092084;26.126089
"07.03.23 11:27:31.703670";372.197528;25.176276;99.432634;1012.20434;23.726124;98.349174;1010.09083;56.519336;26.123035
"07.03.23 11:27:32.153834";371.892348;25.16529;99.43416;1012.11278;23.738941;98.422422;1010.22054;56.519336;26.127616
"07.03.23 11:27:32.603985";371.09888;25.167121;99.437212;1012.24249;23.731617;98.423948;1010.11372;56.4583;26.126089
"07.03.23 11:27:33.54139";371.40406;25.174445;99.435686;1012.25775;23.729786;98.423948;1010.16713;56.580372;26.118454
"07.03.23 11:27:33.504299";371.068362;25.167121;99.440264;1012.35694;23.733448;98.410214;1010.2358;56.214156;26.199385
"07.03.23 11:27:33.954458";370.732664;25.168952;99.429582;1012.1433;23.720631;98.422422;1010.11372;56.519336;26.197858
"07.03.23 11:27:34.404614";370.427484;25.167121;99.435686;1012.22723;23.735279;98.425474;1010.24343;56.519336;26.199385
"07.03.23 11:27:34.854773";370.396966;25.170783;99.438738;1012.34931;23.73711;98.423948;1010.19002;56.4583;26.199385
"07.03.23 11:27:35.304932";369.847642;25.172614;99.432634;1012.34931;23.724293;98.420896;1010.12135;56.519336;26.190223
"07.03.23 11:27:35.755087";370.244376;25.156135;99.51046;1012.23486;23.733448;98.416318;1010.0832;56.092084;26.199385
"07.03.23 11:27:36.205248";369.42039;25.170783;99.50283;1012.32642;23.7188;98.425474;1010.11372;56.519336;26.196331
"07.03.23 11:27:36.655408";368.932102;25.178107;99.515038;1012.24249;23.733448;98.425474;1010.16713;56.519336;26.199385
"07.03.23 11:27:37.105564";368.96262;25.176276;99.515038;1012.25775;23.823167;98.352226;1010.21291;56.336228;26.197858
"07.03.23 11:27:37.555723";369.328836;25.172614;99.504356;1012.17382;23.821336;98.355278;1010.1595;56.397264;26.188696
"07.03.23 11:27:38.5877";369.145728;25.159797;99.515038;1012.20434;23.815843;98.347648;1010.0832;56.031048;26.345977
"07.03.23 11:27:38.456034";367.802936;25.16529;99.51046;1012.26538;23.81035;98.356804;1010.09846;56.4583;26.342923
"07.03.23 11:27:38.906192";368.35226;25.168952;99.51809;1012.25012;23.815843;98.352226;1010.19765;56.336228;26.342923
"07.03.23 11:27:39.356351";368.382778;25.174445;99.51809;1012.4485;23.817674;98.347648;1010.07557;56.15312;26.345977
"07.03.23 11:27:39.806509";367.833454;25.172614;99.504356;1012.36457;23.815843;98.352226;1010.07557;56.397264;26.333761
"07.03.23 11:27:40.256666";367.192576;25.245854;99.513512;1012.15856;23.814012;98.347648;1010.11372;55.908976;26.416219
"07.03.23 11:27:40.706825";367.253612;25.25684;99.507408;1012.33405;23.806688;98.355278;1010.11372;56.15312;26.419273
"07.03.23 11:27:41.156984";366.97895;25.258671;99.511986;1012.27301;23.81035;98.359856;1010.1595;56.15312;26.416219
"07.03.23 11:27:41.607139";366.917914;25.249516;99.511986;1012.25775;23.812181;98.355278;1010.09083;55.908976;26.417746
"07.03.23 11:27:42.57296";366.582216;25.255009;99.505882;1012.19671;23.812181;98.355278;1010.0832;56.15312;26.408584
"07.03.23 11:27:42.507455";366.246518;25.240361;99.511986;1012.23486;23.821336;98.338492;1010.07557;56.092084;26.491042
"07.03.23 11:27:42.957613";365.819266;25.262333;99.51046;1012.3722;23.819505;98.355278;1010.02216;56.15312;26.492569
"07.03.23 11:27:43.407785";366.277036;25.262333;99.51046;1012.25775;23.817674;98.352226;1010.12898;56.275192;26.486461
"07.03.23 11:27:43.857927";366.36859;25.264164;99.51046;1012.2959;23.815843;98.346122;1010.15187;56.092084;26.487988
"07.03.23 11:27:44.308087";364.84269;25.253178;99.501304;1012.32642;23.812181;98.352226;1010.07557;56.275192;26.480353
"07.03.23 11:27:44.758247";364.934244;25.326418;99.58676;1012.21197;23.819505;98.349174;1010.13661;56.092084;26.489515
"07.03.23 11:27:45.208404";365.30046;25.341066;99.583708;1012.46376;23.812181;98.349174;1010.13661;56.15312;26.494096
"07.03.23 11:27:45.658561";365.056316;25.342897;99.582182;1012.23486;23.819505;98.346122;1010.09846;56.214156;26.489515
"07.03.23 11:27:46.108721";363.92715;25.337404;99.585234;1012.12041;23.900069;98.341544;1010.13661;55.786904;26.487988
"07.03.23 11:27:46.558876";364.171294;25.341066;99.576078;1012.2959;23.898238;98.355278;1010.0832;56.092084;26.492569
"07.03.23 11:27:47.9036";364.354402;25.326418;99.583708;1012.25775;23.912886;98.346122;1010.12135;56.031048;26.637634
"07.03.23 11:27:47.459190";363.896632;25.344728;99.588286;1012.27301;23.911055;98.346122;1010.13661;56.031048;26.637634
"07.03.23 11:27:47.909349";363.62197;25.342897;99.582182;1012.34168;23.911055;98.355278;1010.11372;56.092084;26.63458
"07.03.23 11:27:48.359508";363.408344;25.335573;99.585234;1012.34168;23.907393;98.346122;1010.09846;55.54276;26.636107
"07.03.23 11:27:48.809664";362.767466;25.337404;99.576078;1012.2196;23.898238;98.349174;1010.0832;56.031048;26.628472
"07.03.23 11:27:49.259821";362.920056;25.337404;99.583708;1012.34931;23.912886;98.349174;1010.09083;55.786904;26.636107
"07.03.23 11:27:49.709986";363.31679;25.342897;99.585234;1012.38746;23.914717;98.349174;1010.0832;55.84794;26.636107
"07.03.23 11:27:50.160139";362.218142;25.344728;99.582182;1012.44087;23.911055;98.353752;1010.13661;55.84794;26.623891
"07.03.23 11:27:50.610295";361.851926;25.333742;99.585234;1012.08226;23.867111;98.341544;1010.11372;55.481724;26.637634
"07.03.23 11:27:51.60454";362.09607;25.34839;99.576078;1012.25012;23.894576;98.347648;1010.09846;55.725868;26.703295
"07.03.23 11:27:51.510611";362.370732;25.342897;99.58676;1012.08989;23.911055;98.347648;1010.12898;55.786904;26.709403
"07.03.23 11:27:51.960768";360.966904;25.353883;99.583708;1012.47902;23.911055;98.3507;1010.09083;55.908976;26.709403
"07.03.23 11:27:52.410929";361.058458;25.350221;99.58676;1012.28064;23.912886;98.355278;1010.06031;55.908976;26.698714
"07.03.23 11:27:52.861084";361.394156;25.341066;99.582182;1012.19671;23.914717;98.344596;1010.06031;55.420688;26.709403
"07.03.23 11:27:53.311245";360.783796;25.342897;99.574552;1012.32642;23.900069;98.349174;1010.02979;55.725868;26.775064
"07.03.23 11:27:53.761399";360.539652;25.428954;99.582182;1012.23486;23.909224;98.352226;1010.10609;55.725868;26.78728
"07.03.23 11:27:54.211559";360.356544;25.434447;99.583708;1012.25012;23.9019;98.349174;1010.10609;55.725868;26.784226
"07.03.23 11:27:54.661721";360.26499;25.434447;99.582182;1012.23486;23.907393;98.346122;1010.06031;55.84794;26.779645
"07.03.23 11:27:55.111873";359.898774;25.425292;99.588286;1012.13567;23.903731;98.344596;1010.11372;55.420688;26.785753
"07.03.23 11:27:55.562032";360.020846;25.427123;99.573026;1012.28064;23.892745;98.3507;1010.06031;55.908976;26.781172
"07.03.23 11:27:56.12188";358.403392;25.427123;99.58676;1012.20434;23.907393;98.3507;1010.09083;55.786904;26.782699
"07.03.23 11:27:56.462350";357.854068;25.441771;99.583708;1012.15856;23.909224;98.353752;1010.13661;56.092084;26.785753
"07.03.23 11:27:56.912504";357.884586;25.432616;99.582182;1012.31879;23.9019;98.35833;1010.07557;56.031048;26.77201
"07.03.23 11:27:57.362665";358.342356;25.425292;99.58676;1012.12804;23.909224;98.34307;1010.12135;55.359652;26.784226
"07.03.23 11:27:57.812822";356.999564;25.436278;99.577604;1012.31116;23.9019;98.353752;1010.12898;55.84794;26.927764
"07.03.23 11:27:58.262977";356.90801;25.51318;99.658482;1012.23486;23.912886;98.353752;1010.09846;55.664832;26.932345
"07.03.23 11:27:58.713137";357.274226;25.525997;99.664586;1012.25775;23.911055;98.352226;1010.09083;55.664832;26.929291
"07.03.23 11:27:59.163295";357.304744;25.511349;99.660008;1012.21197;23.900069;98.349174;1010.09083;55.664832;26.923183
"07.03.23 11:27:59.613452";356.694384;25.502194;99.661534;1012.18908;23.909224;98.344596;1010.10609;55.420688;26.932345
"07.03.23 11:28:00.63612";355.931434;25.522335;99.658482;1012.18145;23.894576;98.352226;1010.09083;55.908976;26.92471
"07.03.23 11:28:00.513770";356.358686;25.516842;99.660008;1012.16619;23.905562;98.355278;1010.09846;55.786904;26.927764
"07.03.23 11:28:00.963930";355.900916;25.525997;99.656956;1012.24249;23.907393;98.352226;1010.13661;55.725868;26.92471
"07.03.23 11:28:01.414085";355.809362;25.515011;99.656956;1012.15856;23.905562;98.35833;1010.03742;55.786904;26.912494
"07.03.23 11:28:01.864240";355.321074;25.502194;99.658482;1012.30353;23.911055;98.347648;1010.1595;55.420688;26.926237
"07.03.23 11:28:02.314399";354.985376;25.524166;99.650852;1012.31116;23.905562;98.353752;1010.06031;55.603796;26.926237
"07.03.23 11:28:02.764559";354.893822;25.516842;99.660008;1012.11278;23.912886;98.353752;1010.09846;55.725868;26.926237
"07.03.23 11:28:03.214722";355.22952;25.522335;99.656956;1012.18145;23.912886;98.355278;1010.10609;55.481724;26.927764
"07.03.23 11:28:03.664876";353.55103;25.53149;99.656956;1012.2959;23.905562;98.355278;1010.0832;55.725868;26.917075
"07.03.23 11:28:04.115031";352.849116;25.509518;99.660008;1012.09752;23.916548;98.349174;1010.06794;55.54276;26.930818
"07.03.23 11:28:04.565189";352.849116;25.520504;99.653904;1012.21197;23.909224;98.355278;1010.10609;55.84794;27.00106
"07.03.23 11:28:05.15345";353.306886;25.518673;99.666112;1012.16619;23.907393;98.359856;1010.14424;55.725868;27.002587
"07.03.23 11:28:05.465503";352.971188;25.518673;99.66306;1012.21197;23.912886;98.355278;1010.10609;55.603796;26.999533
"07.03.23 11:28:05.915664";349.58369;25.522335;99.652378;1012.23486;23.892745;98.356804;1010.02216;55.786904;26.982736
"07.03.23 11:28:06.365821";350.133014;25.507687;99.658482;1012.21197;23.912886;98.344596;1010.11372;55.54276;26.999533
"07.03.23 11:28:06.815980";350.133014;25.522335;99.65543;1012.25012;23.909224;98.3507;1010.12135;55.786904;26.999533
"07.03.23 11:28:07.266138";349.827834;25.608392;99.658482;1012.28827;23.912886;98.353752;1010.12898;55.908976;26.998006
"07.03.23 11:28:07.716292";345.341688;25.601068;99.656956;1012.28064;23.912886;98.3507;1010.09846;55.786904;26.999533
"07.03.23 11:28:08.166450";345.15858;25.610223;99.652378;1012.28064;23.9019;98.355278;1010.07557;56.275192;26.991898
"07.03.23 11:28:08.616607";344.822882;25.597406;99.660008;1012.28064;23.916548;98.347648;1010.11372;56.275192;27.037708
"07.03.23 11:28:09.66785";344.761846;25.612054;99.65543;1012.23486;23.907393;98.352226;1010.10609;56.519336;27.072829
"07.03.23 11:28:09.516924";342.381442;25.606561;99.65543;1012.35694;23.914717;98.352226;1010.05268;56.519336;27.071302
"07.03.23 11:28:09.967082";341.008132;25.601068;99.65543;1012.1433;23.911055;98.353752;1010.06794;56.214156;27.072829
"07.03.23 11:28:10.417239";340.58088;25.606561;99.646274;1012.35694;23.892745;98.356804;1010.04505;56.4583;27.063667
"07.03.23 11:28:10.867399";341.19124;25.599237;99.658482;1012.1433;23.903731;98.349174;1010.0832;56.336228;27.072829
"07.03.23 11:28:11.317555";341.252276;25.60473;99.656956;1012.4485;23.909224;98.353752;1010.0832;56.397264;27.071302
"07.03.23 11:28:11.767722";337.803742;25.601068;99.730204;1012.22723;23.907393;98.352226;1010.06794;56.275192;27.069775
"07.03.23 11:28:12.217874";337.925814;25.599237;99.730204;1012.19671;23.907393;98.347648;1010.11372;55.970012;27.075883
"07.03.23 11:28:12.668030";337.925814;25.597406;99.722574;1012.33405;23.892745;98.359856;1010.06031;56.336228;27.065194
"07.03.23 11:28:13.118187";337.803742;25.599237;99.730204;1012.24249;23.911055;98.352226;1010.09083;56.275192;27.072829
"07.03.23 11:28:13.568347";334.93505;25.601068;99.730204;1012.30353;23.912886;98.356804;1010.0832;56.275192;27.071302
"07.03.23 11:28:14.18502";335.148676;25.599237;99.730204;1012.32642;23.909224;98.35833;1010.09083;56.397264;27.069775
"07.03.23 11:28:14.468660";335.08764;25.597406;99.730204;1012.19671;23.9019;98.34307;1010.07557;55.970012;27.072829
"07.03.23 11:28:14.918822";334.507798;25.60473;99.719522;1012.21197;23.894576;98.353752;1010.03742;56.519336;27.068248
"07.03.23 11:28:15.368975";333.927956;25.599237;99.73173;1012.30353;23.907393;98.347648;1010.11372;56.336228;27.069775
"07.03.23 11:28:15.819132";333.165006;25.608392;99.733256;1012.41798;23.900069;98.355278;1010.07557;56.214156;27.066721
"07.03.23 11:28:16.269292";332.676718;25.694449;99.730204;1012.28064;23.9019;98.356804;1010.03742;56.15312;27.063667
"07.03.23 11:28:16.719455";332.707236;25.681632;99.728678;1012.30353;23.903731;98.346122;1010.10609;55.908976;27.071302
"07.03.23 11:28:17.169609";332.981898;25.683463;99.721048;1012.4485;23.894576;98.356804;1010.06031;56.214156;27.066721
"07.03.23 11:28:17.619766";330.784602;25.688956;99.73173;1012.28064;23.903731;98.355278;1010.06031;56.15312;27.220948
"07.03.23 11:28:18.69923";330.601494;25.688956;99.73173;1012.31879;23.900069;98.428526;1010.0832;56.15312;27.220948
"07.03.23 11:28:18.520080";331.1203;25.688956;99.730204;1012.32642;23.894576;98.428526;1010.06794;56.15312;27.216367
"07.03.23 11:28:18.970241";331.089782;25.679801;99.73173;1012.27301;23.9019;98.416318;1010.07557;55.786904;27.222475
"07.03.23 11:28:19.420398";327.824356;25.685294;99.719522;1012.21197;23.907393;98.427;1010.07557;56.275192;27.217894
"07.03.23 11:28:19.870557";327.976946;25.681632;99.725626;1012.39509;23.907393;98.425474;1010.12135;56.214156;27.220948
"07.03.23 11:28:20.320717";328.190572;25.688956;99.730204;1012.31879;23.909224;98.422422;1010.0832;55.970012;27.222475
"07.03.23 11:28:20.770870";327.702284;25.775013;99.725626;1012.39509;23.907393;98.427;1010.04505;56.092084;27.21484
"07.03.23 11:28:21.221030";326.756226;25.76952;99.728678;1012.25012;23.914717;98.413266;1010.09083;55.664832;27.224002
"07.03.23 11:28:21.671192";325.901722;25.771351;99.722574;1012.46376;23.907393;98.425474;1010.0832;56.092084;27.219421
"07.03.23 11:28:22.121345";325.901722;25.782337;99.728678;1012.33405;23.912886;98.423948;1010.12898;56.031048;27.222475
"07.03.23 11:28:22.571500";325.62706;25.773182;99.733256;1012.37983;23.903731;98.422422;1010.07557;55.84794;27.222475
"07.03.23 11:28:23.21662";325.993276;25.76952;99.725626;1012.28827;23.9019;98.422422;1010.06794;55.84794;27.216367
"07.03.23 11:28:23.471816";324.162196;25.760365;99.730204;1012.34168;23.918379;98.41174;1010.09083;55.54276;27.222475
"07.03.23 11:28:23.921973";323.4908;25.780506;99.722574;1012.37983;23.907393;98.423948;1010.13661;55.84794;27.222475
"07.03.23 11:28:24.372132";323.734944;25.775013;99.728678;1012.30353;23.914717;98.41937;1010.09846;55.786904;27.21484
"07.03.23 11:28:24.822292";324.10116;25.775013;99.730204;1012.55532;23.909224;98.427;1010.13661;55.664832;27.217894
"07.03.23 11:28:25.272446";321.903864;25.775013;99.722574;1012.12804;23.900069;98.433104;1010.09083;55.725868;27.208732
"07.03.23 11:28:25.722606";321.629202;25.758534;99.73173;1012.3722;23.912886;98.416318;1010.14424;55.420688;27.219421
"07.03.23 11:28:26.172768";321.873346;25.765858;99.7241;1012.46376;23.907393;98.427;1010.13661;55.664832;27.217894
"07.03.23 11:28:26.622926";321.903864;25.773182;99.727152;1012.35694;23.916548;98.430052;1010.11372;55.664832;27.29119
"07.03.23 11:28:27.73088";321.171432;25.771351;99.730204;1012.26538;23.914717;98.420896;1010.10609;55.176544;27.29119
"07.03.23 11:28:27.523240";319.889676;25.773182;99.725626;1012.42561;23.903731;98.423948;1010.04505;55.481724;27.278974
"07.03.23 11:28:27.973395";320.103302;25.762196;99.73173;1012.34168;23.914717;98.414792;1010.14424;55.115508;27.289663
"07.03.23 11:28:28.423554";319.584496;25.773182;99.73173;1012.41798;23.916548;98.423948;1010.16713;55.359652;27.288136
"07.03.23 11:28:28.873718";319.645532;25.776844;99.733256;1012.4485;23.918379;98.425474;1010.16713;55.420688;27.289663
"07.03.23 11:28:29.323873";319.126726;25.773182;99.736308;1012.41798;23.918379;98.420896;1010.17476;54.9324;27.289663
"07.03.23 11:28:29.774025";318.699474;25.778675;99.725626;1012.41798;23.903731;98.422422;1010.09083;55.359652;27.283555
"07.03.23 11:28:30.224184";318.60792;25.762196;99.734782;1012.38746;23.909224;98.413266;1010.12898;55.176544;27.29119
"07.03.23 11:28:30.674351";318.974136;25.775013;99.73173;1012.28827;23.911055;98.427;1010.11372;55.298616;27.292717
"07.03.23 11:28:31.124500";317.478754;25.780506;99.734782;1012.3722;23.912886;98.427;1010.11372;55.420688;27.29119
"07.03.23 11:28:31.574660";316.563214;25.778675;99.73173;1012.22723;23.916548;98.420896;1010.17476;55.23758;27.292717
"07.03.23 11:28:32.24815";316.654768;25.778675;99.722574;1012.45613;23.894576;98.427;1010.09846;55.359652;27.282028
"07.03.23 11:28:32.474974";317.020984;25.756703;99.73173;1012.28064;23.911055;98.41937;1010.1595;55.176544;27.29119
"07.03.23 11:28:32.925133";316.593732;25.775013;99.727152;1012.35694;23.907393;98.427;1010.10609;55.359652;27.29119
"07.03.23 11:28:33.375291";314.610062;25.775013;99.727152;1012.37983;23.918379;98.425474;1010.15187;55.359652;27.288136
"07.03.23 11:28:33.825448";315.067832;25.771351;99.734782;1012.2959;23.918379;98.417844;1010.16713;55.054472;27.29119
"07.03.23 11:28:34.275607";314.701616;25.859239;99.722574;1012.48665;23.898238;98.428526;1010.06794;55.359652;27.280501
"07.03.23 11:28:34.725761";314.579544;25.862901;99.73173;1012.43324;23.907393;98.420896;1010.18239;55.298616;27.29119
"07.03.23 11:28:35.175923";314.03022;25.86107;99.73173;1012.32642;23.905562;98.427;1010.12898;55.420688;27.294244
"07.03.23 11:28:35.626078";314.091256;25.862901;99.730204;1012.42561;23.9019;98.428526;1010.12898;55.420688;27.289663
"07.03.23 11:28:36.76237";313.602968;25.853746;99.728678;1012.28827;23.989788;98.34307;1010.15187;54.993436;27.292717
"07.03.23 11:28:36.526395";313.480896;25.870225;99.714944;1012.57821;23.982464;98.355278;1010.1595;55.298616;27.282028
"07.03.23 11:28:36.976552";313.328306;25.862901;99.733256;1012.41035;24.002605;98.352226;1010.11372;55.176544;27.29119
"07.03.23 11:28:37.426714";312.65691;25.86107;99.730204;1012.48665;24.006267;98.349174;1010.11372;55.298616;27.289663
"07.03.23 11:28:37.876870";312.565356;25.86107;99.730204;1012.41798;24.004436;98.355278;1010.13661;55.23758;27.292717
"07.03.23 11:28:38.327025";313.053644;25.86107;99.73173;1012.47139;23.998943;98.344596;1010.09846;54.688256;27.288136
"07.03.23 11:28:38.777182";312.8095;25.86107;99.7241;1012.47139;23.99345;98.356804;1010.12135;55.298616;27.283555
"07.03.23 11:28:39.227341";311.619298;25.857408;99.730204;1012.1433;23.997112;98.347648;1010.10609;55.23758;27.292717
"07.03.23 11:28:39.677501";311.863442;25.851915;99.730204;1012.46376;23.99345;98.3507;1010.10609;55.115508;27.292717
"07.03.23 11:28:40.127655";312.016032;25.864732;99.734782;1012.34168;23.991619;98.353752;1010.10609;55.23758;27.283555
"07.03.23 11:28:40.577816";311.58878;25.848253;99.734782;1012.44087;23.995281;98.3507;1010.12898;54.749292;27.289663
"07.03.23 11:28:41.27973";310.459614;25.862901;99.725626;1012.39509;23.995281;98.355278;1010.09083;55.176544;27.286609
"07.03.23 11:28:41.478132";311.039456;25.864732;99.734782;1012.37983;24.000774;98.355278;1010.18239;54.993436;27.29119
"07.03.23 11:28:41.928298";310.764794;25.866563;99.73173;1012.44087;24.004436;98.353752;1010.09846;55.115508;27.288136
"07.03.23 11:28:42.378444";310.52065;25.859239;99.728678;1012.45613;24.000774;98.356804;1010.06031;54.688256;27.27592
"07.03.23 11:28:42.828602";310.36806;25.851915;99.730204;1012.31116;23.998943;98.347648;1010.09083;54.199968;27.289663
"07.03.23 11:28:43.278761";309.818736;25.948958;99.797348;1012.50954;23.986126;98.353752;1010.13661;54.566184;27.285082
"07.03.23 11:28:43.728918";309.513556;25.943465;99.80803;1012.50191;23.998943;98.352226;1010.11372;54.444112;27.289663
"07.03.23 11:28:44.179081";309.696664;25.948958;99.806504;1012.35694;24.008098;98.353752;1010.11372;54.383076;27.361432
"07.03.23 11:28:44.629234";309.971326;25.95262;99.801926;1012.4485;23.995281;98.356804;1010.09083;54.261004;27.353797
"07.03.23 11:28:45.79393";308.567498;25.930648;99.804978;1012.3722;23.995281;98.346122;1010.12898;53.71168;27.361432
"07.03.23 11:28:45.529549";308.353872;25.941634;99.801926;1012.47902;23.998943;98.359856;1010.07557;54.01686;27.361432
"07.03.23 11:28:45.979713";308.964232;25.941634;99.806504;1012.4485;24.002605;98.356804;1010.07557;53.772716;27.362959
"07.03.23 11:28:46.429872";308.872678;25.947127;99.806504;1012.49428;24.000774;98.3507;1010.09846;53.894788;27.364486
"07.03.23 11:28:46.880024";306.644864;25.950789;99.806504;1012.50954;23.991619;98.35833;1010.12898;54.077896;27.350743
"07.03.23 11:28:47.330180";306.919526;25.937972;99.811082;1012.35694;23.997112;98.346122;1010.11372;53.71168;27.362959
"07.03.23 11:28:47.780340";306.85849;26.031353;99.806504;1012.41798;23.989788;98.352226;1010.05268;54.199968;27.361432
"07.03.23 11:28:48.230499";306.55331;26.031353;99.812608;1012.4485;24.004436;98.3507;1010.12898;54.199968;27.364486
"07.03.23 11:28:48.680660";305.607252;26.02586;99.809556;1012.50191;23.998943;98.352226;1010.09083;53.955824;27.364486
"07.03.23 11:28:49.130814";304.935856;26.029522;99.806504;1012.46376;23.989788;98.356804;1010.03742;53.894788;27.35227
"07.03.23 11:28:49.580971";304.691712;26.014874;99.809556;1012.31116;24.092324;98.265244;1010.09846;53.650644;27.362959
"07.03.23 11:28:50.31128";304.447568;26.033184;99.806504;1012.42561;24.086831;98.278978;1010.0832;53.833752;27.359905
"07.03.23 11:28:50.481288";304.996892;25.974592;99.806504;1012.25012;24.090493;98.280504;1010.09846;53.833752;27.362959
"07.03.23 11:28:50.931446";301.06007;26.033184;99.814134;1012.47139;24.092324;98.278978;1010.15187;53.650644;27.362959
"07.03.23 11:28:51.381604";300.388674;26.031353;99.803452;1012.34931;24.074014;98.28203;1010.05268;53.833752;27.35227
"07.03.23 11:28:51.831764";300.724372;26.022198;99.811082;1012.31116;24.092324;98.26677;1010.13661;53.71168;27.362959
"07.03.23 11:28:52.281916";300.876962;26.038677;99.804978;1012.41798;24.088662;98.28203;1010.07557;53.894788;27.362959
"07.03.23 11:28:52.732076";298.801738;26.038677;99.811082;1012.32642;24.092324;98.280504;1010.14424;53.894788;27.359905
"07.03.23 11:28:53.182235";298.46604;26.038677;99.811082;1012.2959;24.094155;98.283556;1010.10609;53.650644;27.364486
"07.03.23 11:28:53.632390";298.832256;26.031353;99.8004;1012.36457;24.075845;98.286608;1010.11372;53.894788;27.35227
"07.03.23 11:28:54.82550";298.740702;26.022198;99.806504;1012.32642;24.094155;98.277452;1010.18239;53.894788;27.358378
"07.03.23 11:28:54.532711";297.916716;26.029522;99.809556;1012.40272;24.090493;98.286608;1010.1595;53.894788;27.362959
"07.03.23 11:28:54.982870";296.909622;26.031353;99.812608;1012.32642;24.092324;98.283556;1010.15187;53.955824;27.359905
"07.03.23 11:28:55.433022";296.94014;26.027691;99.811082;1012.42561;24.094155;98.2744;1010.09083;53.650644;27.359905
"07.03.23 11:28:55.883182";296.32978;26.031353;99.803452;1012.32642;24.085;98.283556;1010.06031;54.138932;27.349216
"07.03.23 11:28:56.333338";296.390816;26.022198;99.812608;1012.34168;24.097817;98.278978;1010.12898;53.955824;27.358378
"07.03.23 11:28:56.783495";294.986988;26.029522;99.80803;1012.34931;24.095986;98.288134;1010.10609;54.199968;27.362959
"07.03.23 11:28:57.233655";294.529218;26.031353;99.806504;1012.31879;24.092324;98.285082;1010.09846;54.261004;27.361432
"07.03.23 11:28:57.683814";294.407146;26.022198;99.80803;1012.31116;24.083169;98.275926;1010.0832;54.077896;27.364486
"07.03.23 11:28:58.133969";294.712326;26.027691;99.798874;1012.36457;24.079507;98.278978;1010.06031;54.505148;27.353797
"07.03.23 11:28:58.584129";294.04093;26.018536;99.809556;1012.27301;24.092324;98.277452;1010.12898;54.62722;27.362959
"07.03.23 11:28:59.34288";293.369534;26.033184;99.804978;1012.35694;24.090493;98.28203;1010.10609;54.871364;27.362959
"07.03.23 11:28:59.484445";293.73575;26.027691;99.80803;1012.41035;24.090493;98.28203;1010.09846;55.115508;27.361432
"07.03.23 11:28:59.934602";293.88834;26.031353;99.80803;1012.36457;24.092324;98.272874;1010.09083;54.871364;27.361432
"07.03.23 11:29:00.384764";293.186426;26.031353;99.801926;1012.33405;24.081338;98.285082;1010.05268;55.359652;27.35227
"07.03.23 11:29:00.834914";292.453994;26.031353;99.804978;1012.36457;24.088662;98.283556;1010.12135;55.481724;27.361432
"07.03.23 11:29:01.285073";292.911764;26.110086;99.73173;1012.36457;24.081338;98.283556;1010.11372;55.481724;27.362959
"07.03.23 11:29:01.735230";292.606584;26.115579;99.725626;1012.35694;24.085;98.283556;1010.07557;55.420688;27.353797
"07.03.23 11:29:02.185392";292.484512;26.106424;99.730204;1012.31116;24.090493;98.271348;1010.11372;54.993436;27.361432
"07.03.23 11:29:02.635549";291.691044;26.119241;99.7241;1012.34168;24.079507;98.285082;1010.06031;55.298616;27.356851
"07.03.23 11:29:03.85711";291.874152;26.111917;99.733256;1012.3722;24.092324;98.283556;1010.09083;55.176544;27.361432
"07.03.23 11:29:03.535869";291.416382;26.128396;99.734782;1012.33405;23.998943;98.280504;1010.12135;55.176544;27.361432
"07.03.23 11:29:03.986023";291.568972;26.119241;99.730204;1012.25775;23.991619;98.280504;1010.0832;55.115508;27.355324
"07.03.23 11:29:04.436178";289.61582;26.108255;99.733256;1012.31116;23.997112;98.269822;1010.12135;54.749292;27.358378
"07.03.23 11:29:04.886338";288.273028;26.119241;99.722574;1012.35694;23.997112;98.288134;1010.09846;55.054472;27.356851
"07.03.23 11:29:05.336493";288.3951;26.119241;99.73173;1012.34168;24.000774;98.288134;1010.09846;54.993436;27.358378
"07.03.23 11:29:05.786653";288.822352;26.122903;99.80803;1012.41035;24.002605;98.285082;1010.10609;54.749292;27.359905
"07.03.23 11:29:06.236815";288.70028;26.119241;99.795822;1012.18145;23.99345;98.28203;1010.05268;54.9324;27.35227
"07.03.23 11:29:06.686970";284.366724;26.108255;99.806504;1012.30353;24.004436;98.269822;1010.12135;54.566184;27.361432
"07.03.23 11:29:07.137124";284.610868;26.113748;99.798874;1012.35694;23.997112;98.286608;1010.0832;54.871364;27.358378
"07.03.23 11:29:07.587285";284.855012;26.11741;99.804978;1012.35694;23.997112;98.280504;1010.09846;54.810328;27.362959
"07.03.23 11:29:08.37441";284.366724;26.119241;99.803452;1012.39509;23.997112;98.28203;1010.10609;54.566184;27.361432
"07.03.23 11:29:08.487598";281.589586;26.126565;99.798874;1012.3722;23.995281;98.283556;1010.04505;54.749292;27.353797
"07.03.23 11:29:08.937761";281.864248;26.102762;99.80803;1012.34168;24.006267;98.277452;1010.09846;54.444112;27.361432
"07.03.23 11:29:09.387916";281.345442;26.126565;99.803452;1012.34931;23.995281;98.275926;1010.09083;54.749292;27.358378
"07.03.23 11:29:09.838074";281.345442;26.122903;99.80803;1012.33405;24.000774;98.28203;1010.12135;54.749292;27.361432
"07.03.23 11:29:10.288229";280.521456;26.218115;99.80803;1012.37983;24.000774;98.28203;1010.09846;54.688256;27.361432
"07.03.23 11:29:10.738389";279.69747;26.216284;99.8004;1012.39509;23.989788;98.278978;1010.14424;54.688256;27.500389
"07.03.23 11:29:11.188545";279.331254;26.205298;99.804978;1012.28064;24.006267;98.277452;1010.09846;54.261004;27.508024
"07.03.23 11:29:11.638711";279.453326;26.201636;99.8004;1012.41798;24.002605;98.280504;1010.0832;54.566184;27.509551
"07.03.23 11:29:12.88869";279.85006;26.210791;99.804978;1012.35694;24.000774;98.280504;1010.09846;54.383076;27.509551
"07.03.23 11:29:12.539020";278.415714;26.207129;99.806504;1012.36457;24.002605;98.278978;1010.09846;54.199968;27.437782
"07.03.23 11:29:12.989178";278.263124;26.207129;99.8004;1012.3722;23.997112;98.285082;1010.03742;54.199968;27.35227
"07.03.23 11:29:13.439333";278.78193;26.196143;99.806504;1012.34931;24.004436;98.269822;1010.10609;53.955824;27.362959
"07.03.23 11:29:13.889492";278.507268;26.20896;99.801926;1012.33405;23.998943;98.283556;1010.11372;54.077896;27.359905
"07.03.23 11:29:14.339649";276.49308;26.214453;99.804978;1012.4485;23.997112;98.280504;1010.10609;54.138932;27.358378
"07.03.23 11:29:14.789807";276.706706;26.20896;99.806504;1012.3722;23.99345;98.280504;1010.09083;53.833752;27.509551
"07.03.23 11:29:15.239968";276.615152;26.210791;99.8004;1012.3722;23.991619;98.283556;1010.0832;54.077896;27.501916
"07.03.23 11:29:15.690123";276.279454;26.192481;99.80803;1012.39509;24.000774;98.271348;1010.09846;53.772716;27.511078
"07.03.23 11:29:16.140287";275.852202;26.199805;99.8004;1012.31116;23.997112;98.271348;1010.13661;53.71168;27.514132
"07.03.23 11:29:16.590440";275.791166;26.20896;99.80803;1012.41035;23.997112;98.280504;1010.12898;53.772716;27.514132
"07.03.23 11:29:17.40596";275.394432;26.210791;99.80803;1012.42561;23.998943;98.272874;1010.09846;53.528572;27.512605
"07.03.23 11:29:17.490761";275.11977;26.201636;99.801926;1012.31879;23.989788;98.278978;1010.03742;53.71168;27.508024
"07.03.23 11:29:17.940913";275.760648;26.183326;99.811082;1012.37983;24.006267;98.2744;1010.12898;53.650644;27.514132
"07.03.23 11:29:18.391071";273.654906;26.201636;99.80803;1012.40272;24.006267;98.280504;1010.12135;53.772716;27.511078
"07.03.23 11:29:18.841229";273.258172;26.20896;99.809556;1012.41035;24.004436;98.275926;1010.12135;53.650644;27.509551
"07.03.23 11:29:19.291387";273.654906;26.214453;99.809556;1012.41035;24.006267;98.2744;1010.09846;53.345464;27.514132
"07.03.23 11:29:19.741547";273.624388;26.210791;99.794296;1012.35694;23.997112;98.280504;1010.06794;53.528572;27.500389
"07.03.23 11:29:20.191706";272.403668;26.194312;99.809556;1012.47139;24.006267;98.277452;1010.14424;53.4065;27.509551
"07.03.23 11:29:20.641869";272.312114;26.205298;99.809556;1012.41798;24.008098;98.278978;1010.14424;53.467536;27.511078
"07.03.23 11:29:21.92018";272.800402;26.207129;99.80803;1012.46376;24.004436;98.2744;1010.09846;53.528572;27.508024
"07.03.23 11:29:21.542178";272.495222;26.199805;99.806504;1012.36457;23.995281;98.265244;1010.09083;53.10132;27.512605
"07.03.23 11:29:21.992336";271.793308;26.203467;99.803452;1012.34931;23.991619;98.272874;1010.05268;53.528572;27.50497
"07.03.23 11:29:22.442491";271.732272;26.201636;99.804978;1012.43324;23.997112;98.271348;1010.07557;53.4065;27.512605
"07.03.23 11:29:22.892648";271.76279;26.199805;99.806504;1012.4485;24.002605;98.271348;1010.11372;53.467536;27.511078
"07.03.23 11:29:23.342809";271.243984;26.210791;99.80803;1012.42561;23.997112;98.275926;1010.11372;53.284428;27.503443
"07.03.23 11:29:23.792968";271.488128;26.285862;99.806504;1012.44087;24.006267;98.269822;1010.0832;52.979248;27.509551
"07.03.23 11:29:24.243123";270.603106;26.291355;99.8004;1012.42561;23.991619;98.275926;1010.06031;53.284428;27.501916
"07.03.23 11:29:24.693283";270.328444;26.2822;99.80803;1012.36457;23.995281;98.271348;1010.09846;53.284428;27.509551
"07.03.23 11:29:25.143439";270.358962;26.289524;99.80803;1012.37983;23.99345;98.28203;1010.12898;53.345464;27.508024
"07.03.23 11:29:25.593594";270.725178;26.287693;99.80803;1012.41798;23.989788;98.278978;1010.17476;53.467536;27.508024
"07.03.23 11:29:26.43756";270.633624;26.278538;99.809556;1012.31879;23.916548;98.340018;1010.12898;53.10132;27.512605
"07.03.23 11:29:26.493913";270.114818;26.287693;99.798874;1012.43324;23.916548;98.353752;1010.06031;53.4065;27.50497
"07.03.23 11:29:26.944069";270.725178;26.289524;99.80803;1012.34931;23.914717;98.352226;1010.12135;53.345464;27.511078
"07.03.23 11:29:27.394229";270.786214;26.291355;99.803452;1012.30353;23.911055;98.355278;1010.1595;53.528572;27.511078
"07.03.23 11:29:27.844386";270.23689;26.296848;99.804978;1012.37983;23.900069;98.349174;1010.06031;53.71168;27.503443
"07.03.23 11:29:28.294546";269.351868;26.280369;99.879752;1012.50954;23.909224;98.341544;1010.11372;53.772716;27.512605
"07.03.23 11:29:28.744704";269.565494;26.287693;99.86907;1012.4485;23.898238;98.355278;1010.09083;54.749292;27.509551
"07.03.23 11:29:29.194872";269.229796;26.280369;99.8767;1012.57058;23.900069;98.352226;1010.12135;55.115508;27.509551
"07.03.23 11:29:29.645018";269.290832;26.293186;99.882804;1012.37983;23.916548;98.347648;1010.10609;55.298616;27.512605
"07.03.23 11:29:30.95177";269.687566;26.287693;99.8767;1012.49428;23.909224;98.347648;1010.12135;55.725868;27.501916
"07.03.23 11:29:30.545332";269.657048;26.284031;99.881278;1012.43324;23.912886;98.26677;1010.12135;55.359652;27.511078
"07.03.23 11:29:30.995490";269.107724;26.293186;99.872122;1012.34931;23.900069;98.28203;1010.11372;55.908976;27.509551
"07.03.23 11:29:31.445647";269.62653;26.287693;99.878226;1012.44087;23.907393;98.278978;1010.09846;55.786904;27.511078
"07.03.23 11:29:31.895805";268.985652;26.291355;99.882804;1012.31879;23.911055;98.278978;1010.09846;55.664832;27.511078
"07.03.23 11:29:32.345966";268.222702;26.287693;99.875174;1012.4485;23.900069;98.278978;1010.0832;56.275192;27.497335
"07.03.23 11:29:32.796123";268.344774;26.362764;99.881278;1012.3722;23.912886;98.26677;1010.12898;55.54276;27.509551
"07.03.23 11:29:33.246278";268.5584;26.370088;99.872122;1012.41035;23.907393;98.271348;1010.0832;55.664832;27.514132
"07.03.23 11:29:33.696437";268.497364;26.37375;99.881278;1012.31879;23.909224;98.277452;1010.13661;55.481724;27.517186
"07.03.23 11:29:34.146594";265.292974;26.377412;99.881278;1012.3722;23.9019;98.272874;1010.11372;55.176544;27.515659
"07.03.23 11:29:34.596758";265.598154;26.384736;99.86907;1012.35694;23.903731;98.280504;1010.02979;55.298616;27.50497
"07.03.23 11:29:35.46913";265.750744;26.371919;99.878226;1012.31116;23.916548;98.263718;1010.09846;55.115508;27.515659
"07.03.23 11:29:35.497068";265.170902;26.381074;99.8767;1012.36457;23.905562;98.275926;1010.12135;55.359652;27.517186
"07.03.23 11:29:35.947228";263.583966;26.371919;99.882804;1012.38746;23.909224;98.278978;1010.09846;55.481724;27.515659
"07.03.23 11:29:36.397383";263.67552;26.375581;99.878226;1012.34931;23.916548;98.271348;1010.09846;55.420688;27.517186
"07.03.23 11:29:36.847542";263.187232;26.371919;99.873648;1012.34931;23.9019;98.272874;1010.05268;55.725868;27.50497
"07.03.23 11:29:37.297699";263.248268;26.360933;99.804978;1012.31116;23.916548;98.271348;1010.14424;55.420688;27.517186
"07.03.23 11:29:37.747864";262.210656;26.37375;99.801926;1012.38746;23.92021;98.275926;1010.13661;55.481724;27.517186
"07.03.23 11:29:38.198014";261.569778;26.377412;99.809556;1012.41035;23.916548;98.277452;1010.10609;55.23758;27.518713
"07.03.23 11:29:38.648173";261.173044;26.370088;99.803452;1012.40272;23.911055;98.272874;1010.09083;54.688256;27.518713
"07.03.23 11:29:39.98331";261.417188;26.375581;99.798874;1012.55532;23.889083;98.2744;1010.02979;54.505148;27.509551
"07.03.23 11:29:39.548491";261.661332;26.37375;99.804978;1012.54769;23.907393;98.271348;1010.09846;53.894788;27.515659
"07.03.23 11:29:39.998648";260.135432;26.386567;99.806504;1012.37983;23.995281;98.283556;1010.12898;53.833752;27.518713
"07.03.23 11:29:40.448805";260.226986;26.382905;99.80803;1012.44087;23.989788;98.278978;1010.10609;53.71168;27.514132
"07.03.23 11:29:40.898979";260.654238;26.370088;99.804978;1012.35694;23.991619;98.277452;1010.12898;53.4065;27.517186
"07.03.23 11:29:41.349121";260.196468;26.386567;99.794296;1012.31116;23.984295;98.278978;1010.06794;53.650644;27.506497
"07.03.23 11:29:41.799278";259.311446;26.377412;99.80803;1012.34931;24.000774;98.2744;1010.0832;53.589608;27.517186
"07.03.23 11:29:42.249436";259.647144;26.384736;99.804978;1012.3722;24.006267;98.28203;1010.0832;53.833752;27.517186
"07.03.23 11:29:42.699595";259.616626;26.375581;99.806504;1012.35694;24.000774;98.28203;1010.09846;53.833752;27.514132
"07.03.23 11:29:43.149756";259.189374;26.377412;99.809556;1012.2959;23.995281;98.2744;1010.12135;53.4065;27.517186
"07.03.23 11:29:43.599911";259.25041;26.379243;99.794296;1012.32642;23.989788;98.283556;1010.04505;53.894788;27.509551
"07.03.23 11:29:44.50066";259.677662;26.37375;99.806504;1012.35694;24.004436;98.278978;1010.12898;53.833752;27.52024
"07.03.23 11:29:44.500226";259.219892;26.379243;99.806504;1012.28827;24.002605;98.278978;1010.11372;53.894788;27.517186
"07.03.23 11:29:44.950383";259.158856;26.370088;99.806504;1012.3722;24.004436;98.278978;1010.06794;53.833752;27.512605
"07.03.23 11:29:45.400541";259.586108;26.375581;99.803452;1012.30353;24.004436;98.268296;1010.14424;53.528572;27.514132
"07.03.23 11:29:45.850700";259.280928;26.375581;99.797348;1012.41798;23.99345;98.280504;1010.06794;53.955824;27.503443
"07.03.23 11:29:46.300868";259.09782;26.457976;99.803452;1012.34168;24.004436;98.2744;1010.09083;53.772716;27.518713
"07.03.23 11:29:46.751016";259.647144;26.461638;99.803452;1012.24249;23.998943;98.278978;1010.10609;53.955824;27.517186
"07.03.23 11:29:47.201171";259.647144;26.4653;99.803452;1012.28827;24.000774;98.275926;1010.07557;53.833752;27.514132
"07.03.23 11:29:47.651331";258.365388;26.44699;99.806504;1012.24249;23.998943;98.26677;1010.10609;53.467536;27.518713
"07.03.23 11:29:48.101488";258.151762;26.457976;99.79277;1012.2959;23.986126;98.271348;1010.0832;53.833752;27.512605
"07.03.23 11:29:48.551644";258.670568;26.454314;99.804978;1012.28827;23.997112;98.272874;1010.09846;53.833752;27.517186
"07.03.23 11:29:49.1805";258.243316;26.4653;99.804978;1012.30353;24.095986;98.275926;1010.12898;53.772716;27.517186
"07.03.23 11:29:49.451959";257.755028;26.463469;99.803452;1012.34931;24.090493;98.278978;1010.06031;53.894788;27.511078
"07.03.23 11:29:49.902121";257.632956;26.452483;99.809556;1012.28827;24.095986;98.271348;1010.10609;53.467536;27.52024
"07.03.23 11:29:50.352276";257.41933;26.459807;99.798874;1012.18908;24.068521;98.28203;1010.0832;53.833752;27.512605
"07.03.23 11:29:50.802436";257.175186;26.459807;99.811082;1012.35694;24.085;98.280504;1010.10609;53.772716;27.518713
"07.03.23 11:29:51.252594";257.480366;26.467131;99.809556;1012.31116;24.086831;98.283556;1010.12135;53.833752;27.518713
"07.03.23 11:29:51.702754";256.625862;26.456145;99.8004;1012.37983;24.083169;98.275926;1010.12135;53.833752;27.509551
"07.03.23 11:29:52.152909";256.229128;26.456145;99.804978;1012.20434;24.090493;98.268296;1010.13661;53.528572;27.517186
"07.03.23 11:29:52.603064";256.04602;26.454314;99.804978;1012.38746;24.081338;98.280504;1010.12135;53.894788;27.514132
"07.03.23 11:29:53.53226";256.625862;26.4653;99.809556;1012.2959;24.090493;98.275926;1010.13661;53.894788;27.518713
"07.03.23 11:29:53.503381";256.381718;26.457976;99.804978;1012.17382;24.088662;98.277452;1010.14424;53.772716;27.518713
"07.03.23 11:29:53.953541";256.107056;26.4653;99.797348;1012.30353;24.085;98.280504;1010.09083;53.894788;27.509551
"07.03.23 11:29:54.403700";256.625862;26.454314;99.806504;1012.28827;24.088662;98.260666;1010.12898;53.589608;27.523294
"07.03.23 11:29:54.853862";256.534308;26.4653;99.798874;1012.28064;24.086831;98.271348;1010.14424;53.894788;27.515659
"07.03.23 11:29:55.304013";256.19861;26.463469;99.809556;1012.37983;24.086831;98.28203;1010.11372;53.955824;27.514132
"07.03.23 11:29:55.754169";256.381718;26.463469;99.806504;1012.31116;24.088662;98.275926;1010.14424;53.894788;27.52024
"07.03.23 11:29:56.204329";256.595344;26.468962;99.795822;1012.2959;24.075845;98.275926;1010.0832;53.894788;27.512605
"07.03.23 11:29:56.654488";256.259646;26.448821;99.806504;1012.28827;24.085;98.271348;1010.14424;53.71168;27.52024
"07.03.23 11:29:57.104646";256.076538;26.461638;99.803452;1012.42561;24.081338;98.280504;1010.14424;54.01686;27.517186
"07.03.23 11:29:57.554800";255.74084;26.456145;99.809556;1012.43324;24.090493;98.272874;1010.12135;54.01686;27.52024
"07.03.23 11:29:58.4960";255.466178;26.457976;99.80803;1012.2959;24.094155;98.275926;1010.11372;53.955824;27.518713
"07.03.23 11:29:58.455118";255.099962;26.463469;99.8004;1012.56295;24.079507;98.278978;1010.06794;54.01686;27.509551
"07.03.23 11:29:58.905276";255.557732;26.450652;99.80803;1012.36457;24.095986;98.269822;1010.11372;53.833752;27.517186
"07.03.23 11:29:59.355431";255.557732;26.4653;99.803452;1012.2959;24.088662;98.280504;1010.12898;54.077896;27.518713
"07.03.23 11:29:59.805590";255.160998;26.4653;99.809556;1012.45613;24.092324;98.278978;1010.11372;54.077896;27.518713
"07.03.23 11:30:00.255752";255.252552;26.463469;99.803452;1012.36457;24.088662;98.2744;1010.12898;53.894788;27.517186
"07.03.23 11:30:00.705906";255.496696;26.468962;99.795822;1012.40272;24.072183;98.275926;1010.05268;54.138932;27.508024
"07.03.23 11:30:01.156066";255.344106;26.452483;99.804978;1012.15093;24.086831;98.26677;1010.12135;53.955824;27.517186
"07.03.23 11:30:01.606224";255.13048;26.467131;99.804978;1012.33405;24.090493;98.268296;1010.16713;54.138932;27.517186
"07.03.23 11:30:02.56381";255.618768;26.4653;99.804978;1012.34168;24.086831;98.275926;1010.12898;54.199968;27.518713
"07.03.23 11:30:02.506536";255.618768;26.459807;99.811082;1012.2959;24.085;98.269822;1010.13661;53.955824;27.518713
"07.03.23 11:30:02.956697";254.97789;26.463469;99.8004;1012.28064;24.06669;98.269822;1010.11372;54.261004;27.511078
"07.03.23 11:30:03.406859";255.466178;26.463469;99.811082;1012.34168;24.094155;98.268296;1010.14424;54.077896;27.52024
"07.03.23 11:30:03.857014";255.618768;26.4653;99.80803;1012.28827;24.088662;98.268296;1010.0832;54.32204;27.52024
"07.03.23 11:30:04.307172";255.222034;26.463469;99.882804;1012.45613;24.090493;98.2744;1010.13661;54.32204;27.512605
"07.03.23 11:30:04.757329";255.160998;26.459807;99.878226;1012.31879;24.085;98.269822;1010.09846;53.955824;27.523294
"07.03.23 11:30:05.207484";254.794782;26.467131;99.875174;1012.50954;24.077676;98.271348;1010.04505;54.261004;27.509551
"07.03.23 11:30:05.657644";254.489602;26.448821;99.882804;1012.26538;24.086831;98.26677;1010.12135;54.077896;27.52024
"07.03.23 11:30:06.107803";254.123386;26.459807;99.878226;1012.31116;24.085;98.263718;1010.05268;54.199968;27.518713
"07.03.23 11:30:06.557958";254.611674;26.467131;99.879752;1012.44087;24.092324;98.271348;1010.11372;54.138932;27.512605
"07.03.23 11:30:07.8114";254.642192;26.4653;99.879752;1012.34168;24.002605;98.263718;1010.09846;53.894788;27.521767
"07.03.23 11:30:07.458272";252.963702;26.459807;99.872122;1012.3722;23.991619;98.269822;1010.05268;54.32204;27.511078
"07.03.23 11:30:07.908430";253.268882;26.457976;99.88433;1012.31116;23.997112;98.265244;1010.0832;54.199968;27.521767
"07.03.23 11:30:08.358589";253.60458;26.463469;99.879752;1012.30353;23.991619;98.2744;1010.09846;54.444112;27.518713
"07.03.23 11:30:08.808748";253.14681;26.463469;99.80803;1012.47139;23.997112;98.272874;1010.09083;54.383076;27.517186
"07.03.23 11:30:09.258905";252.200752;26.454314;99.811082;1012.2196;24.004436;98.260666;1010.10609;54.138932;27.521767
"07.03.23 11:30:09.709065";252.38386;26.457976;99.795822;1012.27301;23.991619;98.271348;1010.05268;54.566184;27.515659
"07.03.23 11:30:10.159221";252.505932;26.450652;99.809556;1012.25012;24.002605;98.272874;1010.10609;54.444112;27.521767
"07.03.23 11:30:10.609379";252.139716;26.456145;99.811082;1012.35694;24.000774;98.271348;1010.10609;54.444112;27.52024
"07.03.23 11:30:11.59538";251.376766;26.461638;99.804978;1012.27301;23.995281;98.272874;1010.06794;54.444112;27.514132
"07.03.23 11:30:11.509698";250.613816;26.454314;99.80803;1012.12804;23.995281;98.269822;1010.10609;54.01686;27.515659
"07.03.23 11:30:11.959856";249.94242;26.467131;99.795822;1012.38746;23.995281;98.277452;1010.04505;54.566184;27.512605
"07.03.23 11:30:12.410008";250.156046;26.461638;99.809556;1012.23486;24.006267;98.277452;1010.11372;54.505148;27.515659
"07.03.23 11:30:12.860169";250.644334;26.468962;99.804978;1012.25775;23.998943;98.280504;1010.10609;54.566184;27.515659
"07.03.23 11:30:13.310324";249.301542;26.549526;99.8004;1012.31879;24.002605;98.277452;1010.0832;54.505148;27.50497
"07.03.23 11:30:13.760482";249.148952;26.536709;99.804978;1012.41035;24.000774;98.263718;1010.12135;54.199968;27.515659
"07.03.23 11:30:14.210641";249.423614;26.544033;99.803452;1012.26538;24.000774;98.272874;1010.09083;54.505148;27.514132
"07.03.23 11:30:14.660800";249.606722;26.542202;99.806504;1012.26538;23.997112;98.2744;1010.09083;54.566184;27.517186
"07.03.23 11:30:15.110958";248.172376;26.547695;99.804978;1012.31116;24.006267;98.277452;1010.12135;54.566184;27.515659
"07.03.23 11:30:15.561113";248.324966;26.549526;99.803452;1012.43324;23.997112;98.271348;1010.04505;54.566184;27.506497
"07.03.23 11:30:16.11270";248.630146;26.533047;99.804978;1012.23486;23.995281;98.262192;1010.09083;54.199968;27.514132
"07.03.23 11:30:16.461429";248.019786;26.551357;99.798874;1012.34931;23.987957;98.269822;1010.0832;54.505148;27.515659
"07.03.23 11:30:16.911586";247.745124;26.547695;99.806504;1012.33405;24.002605;98.272874;1010.10609;54.566184;27.515659
"07.03.23 11:30:17.361750";247.65357;26.549526;99.806504;1012.42561;24.002605;98.269822;1010.09846;54.444112;27.515659
"07.03.23 11:30:17.811905";247.378908;26.555019;99.801926;1012.25012;23.99345;98.271348;1010.06794;54.505148;27.50497
"07.03.23 11:30:18.262062";247.134764;26.549526;99.806504;1012.12804;24.002605;98.260666;1010.14424;54.199968;27.515659
"07.03.23 11:30:18.712219";247.409426;26.558681;99.8004;1012.50954;23.99345;98.272874;1010.06794;54.566184;27.511078
"07.03.23 11:30:19.162379";246.646476;26.553188;99.803452;1012.19671;23.997112;98.269822;1010.09846;54.444112;27.517186
"07.03.23 11:30:19.612535";246.12767;26.558681;99.801926;1012.30353;24.000774;98.269822;1010.10609;54.383076;27.517186
"07.03.23 11:30:20.62698";246.158188;26.55685;99.798874;1012.33405;23.989788;98.275926;1010.04505;54.505148;27.508024
"07.03.23 11:30:20.512856";246.615958;26.544033;99.804978;1012.28827;23.995281;98.265244;1010.10609;54.32204;27.514132
"07.03.23 11:30:20.963007";246.097152;26.547695;99.803452;1012.34168;23.991619;98.278978;1010.09083;54.566184;27.514132
"07.03.23 11:30:21.413167";246.097152;26.545864;99.804978;1012.36457;24.000774;98.272874;1010.09846;54.566184;27.514132
"07.03.23 11:30:21.863328";246.615958;26.555019;99.801926;1012.31879;23.989788;98.268296;1010.12135;54.444112;27.515659
"07.03.23 11:30:22.313484";246.402332;26.633752;99.795822;1012.3722;23.987957;98.269822;1010.05268;54.566184;27.506497
"07.03.23 11:30:22.763641";245.944562;26.624597;99.804978;1012.21197;23.998943;98.272874;1010.09846;54.383076;27.518713
"07.03.23 11:30:23.213800";245.334202;26.639245;99.801926;1012.37983;23.997112;98.271348;1010.0832;54.62722;27.514132
"07.03.23 11:30:23.663954";245.547828;26.628259;99.803452;1012.23486;24.002605;98.283556;1010.12135;54.62722;27.515659
"07.03.23 11:30:24.114114";245.120576;26.635583;99.806504;1012.46376;24.006267;98.271348;1010.10609;54.383076;27.517186
"07.03.23 11:30:24.564269";244.967986;26.633752;99.795822;1012.2959;23.989788;98.28203;1010.05268;54.688256;27.508024
"07.03.23 11:30:25.14429";245.578346;26.619104;99.80803;1012.34931;23.998943;98.268296;1010.12135;54.566184;27.515659
"07.03.23 11:30:25.464586";245.303684;26.641076;99.801926;1012.17382;23.997112;98.280504;1010.0832;54.62722;27.52024
"07.03.23 11:30:25.914745";245.151094;26.635583;99.804978;1012.34931;23.997112;98.278978;1010.06031;54.505148;27.514132
"07.03.23 11:30:26.364905";245.456274;26.628259;99.801926;1012.31879;24.000774;98.275926;1010.11372;54.444112;27.523294
"07.03.23 11:30:26.815058";245.303684;26.63009;99.797348;1012.18145;23.986126;98.280504;1010.05268;54.688256;27.512605
"07.03.23 11:30:27.265218";245.120576;26.63009;99.80803;1012.48665;24.002605;98.272874;1010.09846;54.871364;27.523294
"07.03.23 11:30:27.715375";245.242648;26.641076;99.804978;1012.28064;24.000774;98.275926;1010.07557;54.871364;27.372121
"07.03.23 11:30:28.165533";245.547828;26.635583;99.803452;1012.43324;24.002605;98.275926;1010.0832;54.810328;27.370594
"07.03.23 11:30:28.615694";245.151094;26.63009;99.809556;1012.44087;24.000774;98.2744;1010.09083;54.444112;27.372121
"07.03.23 11:30:29.65854";243.930374;26.635583;99.795822;1012.2196;23.991619;98.280504;1010.0832;54.871364;27.362959
"07.03.23 11:30:29.516005";244.540734;26.63009;99.804978;1012.31116;24.004436;98.277452;1010.09846;54.688256;27.372121
"07.03.23 11:30:29.966167";244.44918;26.639245;99.809556;1012.3722;23.998943;98.2744;1010.09083;54.810328;27.370594
"07.03.23 11:30:30.416321";244.082964;26.642907;99.809556;1012.33405;24.002605;98.280504;1010.07557;54.688256;27.366013
"07.03.23 11:30:30.866483";244.44918;26.635583;99.80803;1012.37983;24.004436;98.269822;1010.13661;54.383076;27.36754
"07.03.23 11:30:31.316640";244.388144;26.633752;99.7241;1012.34168;23.99345;98.277452;1010.06031;54.810328;27.358378
"07.03.23 11:30:31.766812";244.082964;26.631921;99.733256;1012.39509;24.006267;98.277452;1010.12135;54.749292;27.372121
"07.03.23 11:30:32.216955";244.174518;26.633752;99.730204;1012.46376;24.000774;98.278978;1010.09083;54.810328;27.517186
"07.03.23 11:30:32.667112";243.83882;26.635583;99.7241;1012.43324;24.002605;98.28203;1010.09846;54.749292;27.511078
"07.03.23 11:30:33.117270";243.258978;26.626428;99.727152;1012.22723;23.998943;98.265244;1010.10609;54.444112;27.515659
"07.03.23 11:30:33.567429";242.892762;26.631921;99.719522;1012.34168;23.987957;98.269822;1010.06794;54.810328;27.512605
"07.03.23 11:30:34.17586";243.472604;26.633752;99.73173;1012.53243;24.000774;98.272874;1010.0832;54.810328;27.517186
"07.03.23 11:30:34.467748";243.564158;26.633752;99.73173;1012.41035;23.989788;98.2744;1010.06794;54.810328;27.518713
"07.03.23 11:30:34.917901";242.038258;26.639245;99.727152;1012.48665;23.998943;98.272874;1010.06031;54.871364;27.512605
"07.03.23 11:30:35.368058";242.343438;26.63009;99.73173;1012.47902;24.004436;98.268296;1010.09083;54.505148;27.515659
"07.03.23 11:30:35.818218";242.282402;26.631921;99.721048;1012.34168;23.986126;98.2744;1010.06794;54.810328;27.509551
"07.03.23 11:30:36.268377";242.00774;26.626428;99.734782;1012.35694;23.995281;98.278978;1010.09846;54.810328;27.511078
"07.03.23 11:30:36.718534";241.122718;26.631921;99.73173;1012.28064;24.006267;98.2744;1010.09083;54.9324;27.517186
"07.03.23 11:30:37.168698";241.54997;26.633752;99.728678;1012.37983;23.995281;98.2744;1010.05268;54.871364;27.511078
"07.03.23 11:30:37.618856";241.366862;26.626428;99.728678;1012.38746;24.006267;98.260666;1010.09846;54.566184;27.515659
"07.03.23 11:30:38.69004";240.878574;26.639245;99.7241;1012.5248;23.998943;98.2744;1010.09083;55.115508;27.515659
"07.03.23 11:30:38.519166";240.878574;26.641076;99.73173;1012.45613;23.995281;98.277452;1010.09846;55.176544;27.517186
"07.03.23 11:30:38.969323";240.542876;26.637414;99.730204;1012.4485;24.004436;98.2744;1010.09846;55.054472;27.517186
"07.03.23 11:30:39.419479";240.02407;26.641076;99.734782;1012.39509;23.998943;98.275926;1010.02979;55.176544;27.508024
"07.03.23 11:30:39.869639";240.207178;26.633752;99.734782;1012.31879;23.997112;98.268296;1010.09083;54.810328;27.517186
"07.03.23 11:30:40.319795";240.390286;26.637414;99.727152;1012.41035;23.991619;98.277452;1010.06794;55.054472;27.518713
"07.03.23 11:30:40.769954";240.17666;26.639245;99.734782;1012.53243;24.008098;98.280504;1010.0832;55.054472;27.517186
"07.03.23 11:30:41.220112";240.085106;26.631921;99.730204;1012.39509;24.008098;98.280504;1010.09083;54.871364;27.515659
"07.03.23 11:30:41.670267";240.451322;26.633752;99.7241;1012.33405;23.997112;98.278978;1010.04505;55.054472;27.508024
"07.03.23 11:30:42.120427";240.48184;26.624597;99.733256;1012.31879;24.004436;98.272874;1010.07557;54.749292;27.518713
"07.03.23 11:30:42.570582";239.10853;26.631921;99.725626;1012.30353;23.99345;98.275926;1010.09083;55.054472;27.517186
"07.03.23 11:30:43.20745";239.383192;26.631921;99.736308;1012.25775;24.008098;98.278978;1010.0832;55.176544;27.517186
"07.03.23 11:30:43.470901";239.535782;26.639245;99.728678;1012.28064;24.008098;98.277452;1010.09083;55.054472;27.517186
"07.03.23 11:30:43.921059";239.047494;26.642907;99.722574;1012.42561;23.99345;98.28203;1010.02979;55.115508;27.506497
"07.03.23 11:30:44.371214";239.139048;26.619104;99.73173;1012.31879;23.997112;98.269822;1010.06031;55.481724;27.515659
"07.03.23 11:30:44.821374";239.41371;26.723471;99.804978;1012.25012;23.998943;98.28203;1010.0832;55.420688;27.518713
"07.03.23 11:30:45.271529";239.291638;26.723471;99.804978;1012.4485;23.989788;98.277452;1010.09846;55.298616;27.370594
"07.03.23 11:30:45.721695";239.10853;26.725302;99.806504;1012.39509;23.99345;98.278978;1010.10609;55.115508;27.370594
"07.03.23 11:30:46.171854";239.322156;26.719809;99.797348;1012.1433;23.987957;98.28203;1010.05268;55.298616;27.358378
"07.03.23 11:30:46.622003";238.559206;26.706992;99.804978;1012.23486;23.997112;98.278978;1010.0832;54.993436;27.36754
"07.03.23 11:30:47.72160";237.979364;26.717978;99.80803;1012.17382;23.997112;98.28203;1010.09846;55.23758;27.370594
"07.03.23 11:30:47.522322";238.223508;26.716147;99.80803;1012.20434;23.997112;98.283556;1010.09083;55.23758;27.515659
"07.03.23 11:30:47.972479";238.528688;26.714316;99.806504;1012.27301;24.083169;98.28203;1010.0832;54.9324;27.517186
"07.03.23 11:30:48.422637";237.185896;26.716147;99.795822;1012.25775;24.064859;98.2744;1010.03742;55.298616;27.506497
"07.03.23 11:30:48.872791";237.063824;26.714316;99.803452;1012.13567;24.088662;98.272874;1010.09846;55.115508;27.52024
"07.03.23 11:30:49.322951";237.43004;26.719809;99.801926;1012.28827;24.094155;98.28203;1010.09083;55.23758;27.517186
"07.03.23 11:30:49.773107";237.369004;26.732626;99.809556;1012.12804;24.095986;98.280504;1010.09083;55.298616;27.514132
"07.03.23 11:30:50.223266";236.789162;26.725302;99.804978;1012.18145;24.081338;98.275926;1009.94586;54.688256;27.512605
"07.03.23 11:30:50.673424";236.239838;26.730795;99.797348;1012.17382;24.075845;98.275926;1010.02216;55.298616;27.508024
"07.03.23 11:30:51.123584";236.5145;26.717978;99.804978;1012.18908;24.085;98.275926;1010.05268;55.115508;27.515659
"07.03.23 11:30:51.573741";236.026212;26.723471;99.80803;1012.15856;24.081338;98.277452;1010.09083;55.23758;27.517186
"07.03.23 11:30:52.23898";236.117766;26.725302;99.806504;1012.1433;24.088662;98.28203;1010.03742;55.298616;27.515659
"07.03.23 11:30:52.474055";235.537924;26.723471;99.80803;1012.15856;24.097817;98.271348;1010.06031;54.810328;27.515659
"07.03.23 11:30:52.924216";235.019118;26.716147;99.798874;1012.28827;24.077676;98.283556;1010.02979;55.298616;27.511078
"07.03.23 11:30:53.374370";235.049636;26.716147;99.806504;1012.11278;24.085;98.277452;1010.09083;55.176544;27.52024
"07.03.23 11:30:53.824529";235.476888;26.723471;99.806504;1012.15093;24.086831;98.271348;1010.07557;55.298616;27.518713
"07.03.23 11:30:54.274691";235.476888;26.725302;99.803452;1012.15093;24.083169;98.278978;1010.09846;55.298616;27.511078
"07.03.23 11:30:54.724857";235.049636;26.719809;99.80803;1012.12041;24.092324;98.272874;1010.07557;54.9324;27.523294
"07.03.23 11:30:55.175001";235.110672;26.72164;99.795822;1012.18145;24.083169;98.2744;1010.05268;55.23758;27.517186
"07.03.23 11:30:55.625161";235.507406;26.716147;99.806504;1012.12804;24.092324;98.272874;1010.09083;55.23758;27.523294
"07.03.23 11:30:56.75320";235.080154;26.732626;99.809556;1012.28827;24.088662;98.265244;1010.05268;55.23758;27.524821
"07.03.23 11:30:56.525476";234.042542;26.717978;99.803452;1012.25012;24.081338;98.269822;1010.07557;55.176544;27.369067
"07.03.23 11:30:56.975633";234.53083;26.717978;99.806504;1012.25775;24.086831;98.338492;1010.09083;54.688256;27.373648
"07.03.23 11:30:57.425791";234.07306;26.723471;99.797348;1012.33405;24.074014;98.346122;1010.02979;55.176544;27.364486
"07.03.23 11:30:57.875950";234.042542;26.723471;99.809556;1012.11278;24.083169;98.349174;1010.0832;55.23758;27.36754
"07.03.23 11:30:58.326106";234.439276;26.72164;99.73173;1012.26538;24.092324;98.352226;1010.06031;55.176544;27.372121
"07.03.23 11:30:58.776267";234.439276;26.727133;99.73173;1012.22723;24.085;98.347648;1010.04505;55.23758;27.364486
"07.03.23 11:30:59.226424";234.042542;26.717978;99.733256;1012.18145;24.092324;98.344596;1010.09083;54.810328;27.370594
"07.03.23 11:30:59.676580";234.012024;26.723471;99.719522;1012.20434;24.077676;98.353752;1010.06794;55.298616;27.369067
"07.03.23 11:31:00.126744";233.76788;26.716147;99.728678;1012.2959;24.085;98.349174;1010.02216;55.298616;27.369067
"07.03.23 11:31:00.576903";233.127002;26.723471;99.733256;1012.08989;24.092324;98.349174;1010.06794;55.23758;27.518713
"07.03.23 11:31:01.27053";233.00493;26.727133;99.728678;1012.22723;24.083169;98.353752;1010.01453;55.23758;27.512605
"07.03.23 11:31:01.477212";233.523736;26.708823;99.730204;1012.20434;24.090493;98.268296;1010.04505;54.810328;27.518713
"07.03.23 11:31:01.927369";233.249074;26.714316;99.722574;1012.15856;24.081338;98.278978;1010.06031;55.176544;27.517186
"07.03.23 11:31:02.377528";232.058872;26.717978;99.730204;1012.23486;24.094155;98.2744;1010.05268;55.298616;27.518713
"07.03.23 11:31:02.827692";232.39457;26.807697;99.730204;1012.18908;24.088662;98.275926;1010.09846;55.298616;27.372121
"07.03.23 11:31:03.277851";232.455606;26.807697;99.722574;1012.28827;24.075845;98.283556;1010.04505;55.359652;27.358378
"07.03.23 11:31:03.728002";232.058872;26.791218;99.730204;1012.04411;24.092324;98.271348;1010.06794;55.054472;27.36754
"07.03.23 11:31:04.178158";231.906282;26.804035;99.7241;1012.25012;24.081338;98.275926;1010.07557;55.359652;27.370594
"07.03.23 11:31:04.628317";232.486124;26.802204;99.734782;1012.31116;24.094155;98.277452;1010.07557;55.420688;27.373648
"07.03.23 11:31:05.78476";232.211462;26.809528;99.737834;1012.16619;24.088662;98.278978;1010.09083;55.298616;27.523294
"07.03.23 11:31:05.528631";231.967318;26.811359;99.730204;1012.28064;24.079507;98.280504;1010.03742;55.481724;27.511078
"07.03.23 11:31:05.978793";231.814728;26.789387;99.73173;1012.16619;24.088662;98.26677;1010.0832;54.993436;27.511078
"07.03.23 11:31:06.428950";231.295922;26.798542;99.727152;1012.25012;24.17655;98.278978;1010.01453;55.359652;27.517186
"07.03.23 11:31:06.879106";231.051778;26.805866;99.737834;1012.18145;24.180212;98.28203;1010.04505;55.420688;27.518713
"07.03.23 11:31:07.329262";231.265404;26.802204;99.736308;1012.25012;24.180212;98.277452;1010.0832;55.298616;27.370594
"07.03.23 11:31:07.779422";231.32644;26.807697;99.727152;1012.27301;24.169226;98.28203;1010.02216;55.359652;27.361432
"07.03.23 11:31:08.229580";231.051778;26.79488;99.736308;1012.15093;24.180212;98.26677;1010.09083;55.115508;27.370594
"07.03.23 11:31:08.679741";230.990742;26.807697;99.737834;1012.16619;24.172888;98.277452;1010.06031;55.420688;27.370594
"07.03.23 11:31:09.129898";231.47903;26.805866;99.733256;1012.23486;24.178381;98.277452;1010.09083;55.603796;27.370594
"07.03.23 11:31:09.580053";231.32644;26.805866;99.733256;1012.15093;24.180212;98.268296;1010.07557;55.359652;27.366013
"07.03.23 11:31:10.30211";229.922612;26.811359;99.7241;1012.25775;24.167395;98.275926;1010.03742;55.603796;27.353797
"07.03.23 11:31:10.480369";230.441418;26.789387;99.730204;1012.12041;24.180212;98.26677;1010.09083;55.359652;27.362959
"07.03.23 11:31:10.930526";230.4109;26.804035;99.728678;1012.21197;24.17655;98.2744;1010.07557;55.603796;27.364486
"07.03.23 11:31:11.380687";230.014166;26.802204;99.734782;1012.20434;24.185705;98.277452;1010.06794;55.603796;27.362959
"07.03.23 11:31:11.830847";230.136238;26.804035;99.733256;1012.10515;24.167395;98.2744;1010.07557;55.298616;27.362959
"07.03.23 11:31:12.280998";230.288828;26.802204;99.722574;1012.26538;24.163733;98.280504;1010.03742;55.664832;27.35227
"07.03.23 11:31:12.731159";230.136238;26.804035;99.73173;1012.10515;24.174719;98.2744;1010.07557;55.481724;27.362959
"07.03.23 11:31:13.181317";229.983648;26.815021;99.730204;1012.31879;24.17655;98.283556;1010.09083;55.603796;27.362959
"07.03.23 11:31:13.631473";230.502454;26.805866;99.730204;1012.15856;24.17655;98.280504;1010.06031;55.603796;27.362959
"07.03.23 11:31:14.81632";230.471936;26.818683;99.734782;1012.36457;24.172888;98.269822;1010.09083;55.359652;27.514132
"07.03.23 11:31:14.531788";229.770022;26.809528;99.722574;1012.18908;24.161902;98.28203;1010.03742;55.725868;27.501916
"07.03.23 11:31:14.981948";230.319346;26.800373;99.730204;1012.32642;24.180212;98.275926;1010.07557;55.664832;27.514132
"07.03.23 11:31:15.432103";230.502454;26.807697;99.730204;1012.23486;24.178381;98.2744;1010.05268;55.786904;27.512605
"07.03.23 11:31:15.882265";229.159662;26.81319;99.73173;1012.15093;24.17655;98.280504;1010.05268;55.725868;27.509551
"07.03.23 11:31:16.332420";229.007072;26.809528;99.730204;1012.08989;24.167395;98.26677;1010.06794;55.603796;27.512605
"07.03.23 11:31:16.782580";229.220698;26.807697;99.721048;1012.08989;24.161902;98.28203;1010.02979;56.031048;27.50497
"07.03.23 11:31:17.232738";229.220698;26.800373;99.728678;1012.23486;24.174719;98.278978;1010.07557;55.970012;27.512605
"07.03.23 11:31:17.682893";228.946036;26.805866;99.730204;1012.25012;24.174719;98.272874;1010.06031;56.092084;27.512605
"07.03.23 11:31:18.133050";229.434324;26.804035;99.730204;1012.28064;24.17655;98.2744;1010.07557;56.092084;27.506497
"07.03.23 11:31:18.583210";229.434324;26.800373;99.73173;1012.25775;24.180212;98.256088;1010.09083;55.786904;27.362959
"07.03.23 11:31:19.33369";228.762928;26.807697;99.7241;1012.26538;24.167395;98.275926;1010.05268;56.092084;27.358378
"07.03.23 11:31:19.483524";229.159662;26.796711;99.733256;1012.27301;24.17655;98.272874;1010.09083;56.092084;27.361432
"07.03.23 11:31:19.933687";229.464842;26.809528;99.733256;1012.20434;24.17655;98.275926;1010.05268;56.15312;27.366013
"07.03.23 11:31:20.383850";229.03759;26.807697;99.736308;1012.31116;24.169226;98.280504;1010.02979;56.031048;27.358378
"07.03.23 11:31:20.833997";228.976554;26.798542;99.811082;1012.18145;24.172888;98.263718;1010.07557;55.664832;27.362959
"07.03.23 11:31:21.284158";229.251216;26.805866;99.801926;1012.27301;24.160071;98.275926;1010.06794;56.031048;27.355324
"07.03.23 11:31:21.734314";228.518784;26.796711;99.80803;1012.13567;24.174719;98.278978;1010.05268;56.031048;27.362959
"07.03.23 11:31:22.184471";227.96946;26.800373;99.804978;1012.25775;24.174719;98.278978;1010.09083;56.15312;27.362959
"07.03.23 11:31:22.634631";228.335676;26.800373;99.8004;1012.27301;24.174719;98.2744;1010.04505;56.092084;27.50497
"07.03.23 11:31:23.84789";228.42723;26.796711;99.80803;1012.22723;24.171057;98.269822;1010.05268;55.664832;27.512605
"07.03.23 11:31:23.534945";227.81687;26.807697;99.801926;1012.19671;24.163733;98.2744;1010.06794;56.15312;27.509551
"07.03.23 11:31:23.985105";228.030496;26.805866;99.80803;1012.31116;24.172888;98.280504;1010.09846;56.15312;27.512605
"07.03.23 11:31:24.435263";228.457748;26.800373;99.804978;1012.32642;24.269931;98.277452;1010.07557;56.031048;27.511078
"07.03.23 11:31:24.885420";228.12205;26.81319;99.806504;1012.15093;24.260776;98.28203;1010.06031;56.15312;27.353797
"07.03.23 11:31:25.335575";227.999978;26.79488;99.809556;1012.18145;24.2681;98.272874;1010.09846;55.664832;27.362959
"07.03.23 11:31:25.785737";228.213604;26.811359;99.803452;1012.28827;24.251621;98.280504;1010.09846;55.970012;27.361432
"07.03.23 11:31:26.235896";228.335676;26.796711;99.814134;1012.34168;24.260776;98.277452;1010.09846;56.031048;27.353797
"07.03.23 11:31:26.686048";227.96946;26.805866;99.809556;1012.24249;24.258945;98.28203;1010.09083;55.908976;27.364486
"07.03.23 11:31:27.136210";228.152568;26.807697;99.809556;1012.30353;24.260776;98.280504;1010.02979;56.031048;27.356851
"07.03.23 11:31:27.586365";227.694798;26.793049;99.814134;1012.21197;24.264438;98.2744;1010.05268;55.664832;27.364486
"07.03.23 11:31:28.36526";226.840294;26.809528;99.804978;1012.25775;24.258945;98.272874;1010.07557;56.031048;27.364486
"07.03.23 11:31:28.486687";226.962366;26.796711;99.809556;1012.35694;24.264438;98.272874;1010.09846;56.031048;27.362959
"07.03.23 11:31:28.936846";227.450654;26.804035;99.80803;1012.24249;24.172888;98.280504;1010.0832;55.84794;27.36754
"07.03.23 11:31:29.386996";227.20651;26.815021;99.803452;1012.22723;24.161902;98.28203;1010.03742;56.031048;27.353797
"07.03.23 11:31:29.837155";227.023402;26.888261;99.809556;1012.31116;24.17655;98.2744;1010.07557;55.725868;27.362959
"07.03.23 11:31:30.287315";227.267546;26.888261;99.809556;1012.32642;24.171057;98.275926;1010.0832;56.031048;27.362959
"07.03.23 11:31:30.737470";227.51169;26.901078;99.809556;1012.12804;24.169226;98.275926;1010.06794;56.031048;27.366013
"07.03.23 11:31:31.187630";226.962366;26.901078;99.80803;1012.34168;24.171057;98.271348;1010.09846;55.725868;27.364486
"07.03.23 11:31:31.637786";227.023402;26.897416;99.794296;1012.28064;24.15824;98.275926;1010.02979;55.908976;27.356851
"07.03.23 11:31:32.87944";227.481172;26.884599;99.806504;1012.18908;24.180212;98.26677;1010.06031;55.664832;27.362959
"07.03.23 11:31:32.538102";227.05392;26.906571;99.804978;1012.33405;24.163733;98.275926;1010.06794;55.84794;27.364486
"07.03.23 11:31:32.988259";226.931848;26.897416;99.804978;1012.28064;24.165564;98.280504;1010.0832;55.786904;27.362959
"07.03.23 11:31:33.438416";226.779258;26.901078;99.803452;1012.22723;24.172888;98.2744;1010.0832;55.359652;27.362959
"07.03.23 11:31:33.888575";226.260452;26.908402;99.795822;1012.28064;24.171057;98.28203;1010.05268;55.786904;27.35227
"07.03.23 11:31:34.338737";225.955272;26.888261;99.801926;1012.17382;24.172888;98.275926;1010.09846;55.481724;27.364486
"07.03.23 11:31:34.788893";226.229934;26.910233;99.806504;1012.12041;24.178381;98.280504;1010.06794;55.664832;27.364486
"07.03.23 11:31:35.239050";226.44356;26.902909;99.801926;1012.1433;24.182043;98.278978;1010.06794;55.786904;27.364486
"07.03.23 11:31:35.689208";225.98579;26.897416;99.806504;1012.24249;24.17655;98.272874;1010.06794;55.481724;27.364486
"07.03.23 11:31:36.139363";225.802682;26.902909;99.795822;1012.08989;24.156409;98.277452;1010.01453;55.84794;27.355324
"07.03.23 11:31:36.589524";226.44356;26.88643;99.80803;1012.2196;24.174719;98.269822;1010.0832;55.603796;27.366013
"07.03.23 11:31:37.39682";226.168898;26.895585;99.809556;1012.28827;24.172888;98.272874;1010.07557;55.908976;27.366013
"07.03.23 11:31:37.489846";225.955272;26.888261;99.804978;1012.16619;24.169226;98.278978;1010.06794;55.84794;27.364486
"07.03.23 11:31:37.939996";226.413042;26.901078;99.809556;1012.2196;24.178381;98.271348;1010.07557;55.54276;27.362959
"07.03.23 11:31:38.390153";226.29097;26.895585;99.795822;1012.22723;24.167395;98.277452;1010.02216;55.84794;27.356851
"07.03.23 11:31:38.840312";226.016308;26.884599;99.733256;1012.25775;24.17655;98.2744;1010.0832;55.725868;27.364486
"07.03.23 11:31:39.290470";226.168898;26.893754;99.730204;1012.18908;24.172888;98.277452;1010.09083;55.84794;27.362959
"07.03.23 11:31:39.740625";226.382524;26.890092;99.73173;1012.2196;24.17655;98.277452;1010.07557;55.786904;27.361432
"07.03.23 11:31:40.190784";226.016308;26.88643;99.73173;1012.20434;24.174719;98.268296;1010.0832;55.420688;27.366013
"07.03.23 11:31:40.640941";225.772164;26.890092;99.717996;1012.28064;24.163733;98.2744;1010.05268;55.786904;27.358378
"07.03.23 11:31:41.91103";226.44356;26.890092;99.730204;1012.25012;24.180212;98.271348;1010.09846;55.725868;27.364486
"07.03.23 11:31:41.541258";226.352006;26.902909;99.728678;1012.15093;24.17655;98.2744;1010.07557;55.725868;27.361432
"07.03.23 11:31:41.991415";225.924754;26.893754;99.73173;1012.18145;24.174719;98.275926;1010.06031;55.786904;27.358378
"07.03.23 11:31:42.441576";226.352006;26.884599;99.733256;1012.12041;24.178381;98.269822;1010.06794;55.359652;27.36754
"07.03.23 11:31:42.891735";226.229934;26.895585;99.722574;1012.41035;24.169226;98.283556;1010.03742;55.84794;27.359905
"07.03.23 11:31:43.341891";225.955272;26.882768;99.730204;1012.22723;24.183874;98.275926;1010.09083;55.84794;27.36754
"07.03.23 11:31:43.792046";226.016308;26.88643;99.730204;1012.28064;24.183874;98.2744;1010.07557;55.786904;27.370594
"07.03.23 11:31:44.242208";226.44356;26.895585;99.730204;1012.2959;24.178381;98.275926;1010.06031;55.786904;27.362959
"07.03.23 11:31:44.692363";226.107862;26.880937;99.733256;1012.02885;24.178381;98.26677;1010.02979;55.420688;27.369067
"07.03.23 11:31:45.142523";225.436466;26.897416;99.7241;1012.32642;24.17655;98.275926;1010.03742;55.908976;27.366013
"07.03.23 11:31:45.592681";225.405948;26.895585;99.734782;1012.19671;24.182043;98.277452;1010.06794;56.946588;27.36754
"07.03.23 11:31:46.42846";225.436466;26.891923;99.737834;1012.31116;24.171057;98.272874;1010.03742;56.76348;27.369067
"07.03.23 11:31:46.492995";224.978696;26.902909;99.73173;1012.18908;24.160071;98.275926;1010.02979;56.824516;27.362959
"07.03.23 11:31:46.943151";225.253358;26.880937;99.737834;1012.08989;24.182043;98.26677;1010.09846;56.336228;27.369067
"07.03.23 11:31:47.393313";225.253358;26.888261;99.730204;1012.15856;24.167395;98.277452;1010.06031;56.702444;27.36754
"07.03.23 11:31:47.843470";225.039732;26.895585;99.736308;1012.20434;24.180212;98.277452;1010.06031;56.641408;27.369067
"07.03.23 11:31:48.293626";224.978696;26.890092;99.736308;1012.28064;24.172888;98.278978;1010.0832;56.641408;27.369067
"07.03.23 11:31:48.743808";225.283876;26.888261;99.728678;1012.27301;24.161902;98.275926;1010.02979;56.702444;27.361432
"07.03.23 11:31:49.193943";225.283876;26.880937;99.736308;1012.23486;24.167395;98.269822;1010.06794;56.336228;27.515659
"07.03.23 11:31:49.644098";224.795588;26.899247;99.730204;1012.25012;24.163733;98.280504;1010.05268;56.580372;27.517186
"07.03.23 11:31:50.94258";225.344912;26.891923;99.736308;1012.25012;24.172888;98.275926;1010.09083;56.702444;27.517186
"07.03.23 11:31:50.544414";224.887142;26.893754;99.7241;1012.23486;24.172888;98.277452;1010.09083;56.580372;27.515659
